{
    "avg_plddt": 93.15503692626953,
    "gpde": 0.4267481565475464,
    "iptm": 0.9587824940681458,
    "ptm": 0.946006715297699,
    "disorder": 0.03642383962869644,
    "has_clash": 0.0,
    "sample_ranking_score": 0.974439263343811,
    "chain_ptm": {
        "A": 0.9431940317153931,
        "Z": 0.4972861707210541
    },
    "chain_pair_iptm": {
        "(A, Z)": 0.9587824940681458
    },
    "bespoke_iptm": {
        "(A, Z)": 0.9587824940681458
    }
}