{
    "avg_plddt": 93.22700500488281,
    "gpde": 0.40496793389320374,
    "iptm": 0.971342146396637,
    "ptm": 0.9464222192764282,
    "disorder": 0.0397351011633873,
    "has_clash": 0.0,
    "sample_ranking_score": 0.9862257242202759,
    "chain_ptm": {
        "A": 0.9427916407585144,
        "Z": 0.46913182735443115
    },
    "chain_pair_iptm": {
        "(A, Z)": 0.971342146396637
    },
    "bespoke_iptm": {
        "(A, Z)": 0.971342146396637
    }
}