{
    "avg_plddt": 93.38634490966797,
    "gpde": 0.43371090292930603,
    "iptm": 0.9512929320335388,
    "ptm": 0.9473362565040588,
    "disorder": 0.03642383962869644,
    "has_clash": 0.0,
    "sample_ranking_score": 0.9687135219573975,
    "chain_ptm": {
        "A": 0.945185661315918,
        "Z": 0.5025675892829895
    },
    "chain_pair_iptm": {
        "(A, Z)": 0.9512929320335388
    },
    "bespoke_iptm": {
        "(A, Z)": 0.9512929320335388
    }
}