{
    "avg_plddt": 93.23249053955078,
    "gpde": 0.40980374813079834,
    "iptm": 0.9700542688369751,
    "ptm": 0.9465640783309937,
    "disorder": 0.0397351011633873,
    "has_clash": 0.0,
    "sample_ranking_score": 0.9852237701416016,
    "chain_ptm": {
        "A": 0.9430427551269531,
        "Z": 0.4526246190071106
    },
    "chain_pair_iptm": {
        "(A, Z)": 0.9700542688369751
    },
    "bespoke_iptm": {
        "(A, Z)": 0.9700542688369751
    }
}