{
    "avg_plddt": 93.35718536376953,
    "gpde": 0.4102228283882141,
    "iptm": 0.9680843353271484,
    "ptm": 0.9476009607315063,
    "disorder": 0.0397351011633873,
    "has_clash": 0.0,
    "sample_ranking_score": 0.9838551878929138,
    "chain_ptm": {
        "A": 0.944037914276123,
        "Z": 0.5289930105209351
    },
    "chain_pair_iptm": {
        "(A, Z)": 0.9680843353271484
    },
    "bespoke_iptm": {
        "(A, Z)": 0.9680843353271484
    }
}