{
    "avg_plddt": 93.23294830322266,
    "gpde": 0.4090026617050171,
    "iptm": 0.9701376557350159,
    "ptm": 0.9461621046066284,
    "disorder": 0.0397351011633873,
    "has_clash": 0.0,
    "sample_ranking_score": 0.9852100610733032,
    "chain_ptm": {
        "A": 0.9427598118782043,
        "Z": 0.39892953634262085
    },
    "chain_pair_iptm": {
        "(A, Z)": 0.9701376557350159
    },
    "bespoke_iptm": {
        "(A, Z)": 0.9701376557350159
    }
}