{
    "avg_plddt": 93.2479248046875,
    "gpde": 0.4075375497341156,
    "iptm": 0.9683858752250671,
    "ptm": 0.9467548727989197,
    "disorder": 0.0397351011633873,
    "has_clash": 0.0,
    "sample_ranking_score": 0.9839271903038025,
    "chain_ptm": {
        "A": 0.9430118799209595,
        "Z": 0.5357697606086731
    },
    "chain_pair_iptm": {
        "(A, Z)": 0.9683858752250671
    },
    "bespoke_iptm": {
        "(A, Z)": 0.9683858752250671
    }
}