{
    "avg_plddt": 93.1968765258789,
    "gpde": 0.4187658131122589,
    "iptm": 0.9609113931655884,
    "ptm": 0.9461284875869751,
    "disorder": 0.0397351011633873,
    "has_clash": 0.0,
    "sample_ranking_score": 0.9778224229812622,
    "chain_ptm": {
        "A": 0.9430915713310242,
        "Z": 0.49519041180610657
    },
    "chain_pair_iptm": {
        "(A, Z)": 0.9609113931655884
    },
    "bespoke_iptm": {
        "(A, Z)": 0.9609113931655884
    }
}