{
    "avg_plddt": 93.29742431640625,
    "gpde": 0.40162694454193115,
    "iptm": 0.9723963737487793,
    "ptm": 0.947375476360321,
    "disorder": 0.0397351011633873,
    "has_clash": 0.0,
    "sample_ranking_score": 0.9872597455978394,
    "chain_ptm": {
        "A": 0.9435005187988281,
        "Z": 0.5269005298614502
    },
    "chain_pair_iptm": {
        "(A, Z)": 0.9723963737487793
    },
    "bespoke_iptm": {
        "(A, Z)": 0.9723963737487793
    }
}