{
    "avg_plddt": 93.22837829589844,
    "gpde": 0.41689223051071167,
    "iptm": 0.9622266888618469,
    "ptm": 0.9466091394424438,
    "disorder": 0.0397351011633873,
    "has_clash": 0.0,
    "sample_ranking_score": 0.9789707064628601,
    "chain_ptm": {
        "A": 0.9433777928352356,
        "Z": 0.5162329077720642
    },
    "chain_pair_iptm": {
        "(A, Z)": 0.9622266888618469
    },
    "bespoke_iptm": {
        "(A, Z)": 0.9622266888618469
    }
}